{
  "technique": "IO",
  "num_documents": 1,
  "results": [
    {
      "doc_id": "10491763",
      "precision": 0.125,
      "recall": 0.3333333333333333,
      "f1_score": 0.18181818181818182,
      "exact_match_rate": 0.3333333333333333,
      "omission_rate": 0.6666666666666666,
      "hallucination_rate": 0.7777777777777778,
      "redundancy_rate": 0.3333333333333333,
      "graph_edit_distance": 7.0,
      "num_true_positives": 1,
      "num_false_negatives": 2
    }
  ]
}