{
  "technique": "IO",
  "num_documents": 1,
  "results": [
    {
      "doc_id": "10491763",
      "precision": 0.16666666666666666,
      "recall": 0.3333333333333333,
      "f1_score": 0.2222222222222222,
      "exact_match_rate": 0.3333333333333333,
      "omission_rate": 0.6666666666666666,
      "hallucination_rate": 0.7142857142857143,
      "redundancy_rate": 0.14285714285714285,
      "graph_edit_distance": 6.0,
      "num_true_positives": 1,
      "num_false_negatives": 2
    }
  ]
}